{
    "special_files": {
        "flask": 0.15944590796371214,
        "django": 0.15944590796371214,
        "nodejs": 0.15944590796371214,
        "go": 0.15944590796371214,
        "rust": 0.20277046018143932,
        "scala": 0.15944590796371214
    },
    "filesThatExist": {
        "flask": 0.0,
        "django": 0.0,
        "nodejs": 0.0,
        "go": 0.0,
        "rust": 1.0,
        "scala": 0.0
    }
}
